{"cameraMode":{"drawMode":0,"name":"Shaded","section":"Shading Mode"},"sceneLighting":true,"audioPlay":false,"sceneViewState":{"m_AlwaysRefresh":false,"showFog":true,"showSkybox":true,"showFlares":true,"showImageEffects":true,"showParticleSystems":true,"showVisualEffectGraphs":true,"m_FxEnabled":true},"in2DMode":false,"pivot":{"x":0.00007127532444428653,"y":-11.031392097473145,"z":110.62874603271485},"rotation":{"x":-0.07066300511360169,"y":0.8523043990135193,"z":-0.11942097544670105,"w":-0.5043138265609741},"size":8.525056838989258,"orthographic":false}